Suncor Energy Inc.,Suncor Énergie Inc.,2015-01-27,5215,Climate,Climate,Environment Canada
The Co-operators Group Ltd.,Groupe Co-operators limitée,2015-01-21,5997,Climate,Climate,Public Safety Canada (PS)
The Co-operators Group Ltd.,Groupe Co-operators limitée,2015-02-10,5997,Climate,Climate,Public Safety Canada (PS)
The Co-operators Group Ltd.,Groupe Co-operators limitée,2015-02-24,5997,Climate,Climate,Public Safety Canada (PS)
GREENPEACE CANADA,null,2015-03-06,61,Climate,Climate,House of Commons
Alliance of Manufacturers & Exporters Canada (CME),Alliance des manufacturiers et des exportateurs du Canada (MEC),2015-04-01,15791,Climate,Climate,Prime Minister's Office (PMO)
PEMBINA INSTITUTE,null,2015-05-01,4669,Climate,Climate,Environment Canada
Alliance of Manufacturers & Exporters Canada (CME),Alliance des manufacturiers et des exportateurs du Canada (MEC),2015-05-13,15791,Climate,Climate,Prime Minister's Office (PMO)
Canadian Association of Petroleum Producers,Association Canadienne des Producteurs Pétroliers,2015-09-02,226641,Climate,Climate,Environment Canada
Canadian Association of Petroleum Producers,Association Canadienne des Producteurs Pétroliers,2015-09-22,226641,Climate,Climate,Environment Canada
Canadian Association of Petroleum Producers,Association Canadienne des Producteurs Pétroliers,2015-11-05,226641,Climate,Climate,Environment and Climate Change Canada
Suncor Energy Inc.,Suncor Énergie Inc.,2015-11-18,5215,Climate,Climate,Environment and Climate Change Canada
Suncor Energy Inc.,Suncor Énergie Inc.,2015-11-16,5215,Climate,Climate,Environment and Climate Change Canada
Suncor Energy Inc.,Suncor Énergie Inc.,2015-11-17,5215,Climate,Climate,House of Commons
Suncor Energy Inc.,Suncor Énergie Inc.,2015-11-19,5215,Climate,Climate,House of Commons
Suncor Energy Inc.,Suncor Énergie Inc.,2015-11-19,5215,Climate,Climate,Prime Minister's Office (PMO)
Forest Products Association of Canada,Association des produits forestiers du Canada,2015-12-17,136,Climate,Climate,Environment and Climate Change Canada
Canadian Climate Forum,null,2015-12-18,353906,Climate,Climate,Natural Resources Canada (NRCan)
Canada Clean Fuels,null,2015-12-22,354087,Climate,Climate,Environment and Climate Change Canada
Suncor Energy Inc.,Suncor Énergie Inc.,2015-12-04,5215,Climate,Climate,House of Commons
Vancouver Aquarium,null,2015-12-09,353272,Climate,Climate,Fisheries and Oceans Canada (DFO)
Vancouver Aquarium,null,2015-12-14,353272,Climate,Climate,Fisheries and Oceans Canada (DFO)
GREENPEACE CANADA,null,2015-11-23,61,Climate,Climate,Environment and Climate Change Canada
GREENPEACE CANADA,null,2015-11-23,61,Climate,Climate,Global Affairs Canada
GREENPEACE CANADA,null,2015-12-01,61,Climate,Climate,Environment and Climate Change Canada
GREENPEACE CANADA,null,2015-12-02,61,Climate,Climate,Environment and Climate Change Canada
GREENPEACE CANADA,null,2015-12-04,61,Climate,Climate,Environment and Climate Change Canada
GREENPEACE CANADA,null,2015-12-08,61,Climate,Climate,Environment and Climate Change Canada
Suncor Energy Inc.,Suncor Énergie Inc.,2016-01-11,5215,Climate,Climate,Prime Minister's Office (PMO)
Canadian Climate Forum,null,2016-01-14,353906,Climate,Climate,Natural Resources Canada (NRCan)
Canadian Climate Forum,null,2016-01-19,353906,Climate,Climate,Public Safety Canada (PS)
Suncor Energy Inc.,null,2016-01-28,354266,Climate,Climate,Environment and Climate Change Canada
Forest Products Association of Canada,Association des produits forestiers du Canada,2016-02-11,136,Climate,Climate,Environment and Climate Change Canada
Innergex Renewable Energy Inc.,null,2016-02-18,352826,Climate,Climate,Natural Resources Canada (NRCan)
Innergex Renewable Energy Inc.,null,2016-02-18,352826,Climate,Climate,Privy Council Office (PCO)
Innergex Renewable Energy Inc.,null,2016-02-18,352826,Climate,Climate,Natural Resources Canada (NRCan)
Innergex Renewable Energy Inc.,null,2016-02-19,352826,Climate,Climate,Environment and Climate Change Canada
Innergex Renewable Energy Inc.,null,2016-02-19,352826,Climate,Climate,Infrastructure Canada
Innergex Renewable Energy Inc.,null,2016-02-19,352826,Climate,Climate,Indigenous and Northern Affairs Canada
Innergex Renewable Energy Inc.,null,2016-02-18,352826,Climate,Climate,Indigenous and Northern Affairs Canada
Forest Products Association of Canada,Association des produits forestiers du Canada,2016-02-23,136,Climate,Climate,House of Commons
ENMAX Corporation,null,2016-02-26,15758,Climate,Climate,Finance Canada (FIN)
Rio Tinto Aluminium,null,2016-02-03,220101,Climate,Climate,Global Affairs Canada
Rio Tinto Aluminium,null,2016-02-03,220101,Climate,Climate,Transport Canada (TC)
GREENPEACE CANADA,null,2016-03-03,61,Climate,Climate,Environment and Climate Change Canada
GREENPEACE CANADA,null,2016-03-15,61,Climate,Climate,Prime Minister's Office (PMO)
Rio Tinto Canada Management Inc,null,2016-03-03,306985,Climate,Climate,Environment and Climate Change Canada
LeadNow Society,A L'action,2016-02-29,318765,Climate,Climate,House of Commons
LeadNow Society,A L'action,2016-01-22,318765,Climate,Climate,House of Commons
LeadNow Society,A L'action,2016-02-19,318765,Climate,Climate,House of Commons
LeadNow Society,A L'action,2016-03-01,318765,Climate,Climate,House of Commons
LeadNow Society,A L'action,2016-03-15,318765,Climate,Climate,House of Commons
LeadNow Society,A L'action,2016-03-29,318765,Climate,Climate,House of Commons
Cement Association of Canada,Association canadienne du ciment,2016-03-17,333106,Climate,Climate,Environment and Climate Change Canada
Canadian Climate Forum,null,2016-03-04,353906,Climate,Climate,Infrastructure Canada
PEMBINA INSTITUTE,null,2016-03-25,4669,Climate,Climate,Natural Resources Canada (NRCan)
Innergex Renewable Energy Inc.,null,2016-04-04,352826,Climate,Climate,"Innovation, Science and Economic Development Canada"
Innergex Renewable Energy Inc.,null,2016-04-06,352826,Climate,Climate,Indigenous and Northern Affairs Canada
Innergex Renewable Energy Inc.,null,2016-04-04,352826,Climate,Climate,Natural Resources Canada (NRCan)
Action Against Hunger Canada,Action Contre La Faim,2016-04-13,357317,Climate,Climate,Environment and Climate Change Canada
Forest Products Association of Canada,Association des produits forestiers du Canada,2016-04-04,136,Climate,Climate,Environment and Climate Change Canada
Shell Canada Limited,null,2016-03-03,6410,Climate,Climate,Natural Resources Canada (NRCan)
FortisBC,null,2016-04-13,357420,Climate,Climate,Natural Resources Canada (NRCan)
Suncor Energy Inc.,Suncor Énergie Inc.,2016-03-02,5215,Climate,Climate,Environment and Climate Change Canada
The Toronto-Dominion Bank,null,2016-03-22,5329,Climate,Climate,Environment and Climate Change Canada
Forest Products Association of Canada,Association des produits forestiers du Canada,2016-04-12,136,Climate,Climate,House of Commons
Forest Products Association of Canada,Association des produits forestiers du Canada,2016-04-15,136,Climate,Climate,House of Commons
Forest Products Association of Canada,Association des produits forestiers du Canada,2016-04-21,136,Climate,Climate,Natural Resources Canada (NRCan)
Carbon Engineering,null,2016-04-19,357421,Climate,Climate,Environment and Climate Change Canada
Carbon Engineering,null,2016-04-19,357421,Climate,Climate,Prime Minister's Office (PMO)
Carbon Engineering,null,2016-04-19,357421,Climate,Climate,"Innovation, Science and Economic Development Canada"
Carbon Engineering,null,2016-04-21,357421,Climate,Climate,House of Commons
Canadian Climate Forum,null,2016-04-11,353906,Climate,Climate,Environment and Climate Change Canada
Forest Products Association of Canada,Association des produits forestiers du Canada,2016-04-25,136,Climate,Climate,"Innovation, Science and Economic Development Canada"
Forest Products Association of Canada,Association des produits forestiers du Canada,2016-04-27,136,Climate,Climate,Natural Resources Canada (NRCan)
Canadian Fuels Association,Association canadienne des carburants,2016-04-21,15673,Climate,Climate,Environment and Climate Change Canada
WEST COAST ENVIRONMENTAL LAW ASSOCIATION,null,2016-04-28,12890,Climate,Climate,House of Commons
Canadian Natural Resources Limited,null,2016-04-07,286266,Climate,Climate,Environment and Climate Change Canada
NextEra Canada Development LP,null,2016-04-05,355387,Climate,Climate,Indigenous and Northern Affairs Canada
NextEra Canada Development LP,null,2016-04-05,355387,Climate,Climate,Environment and Climate Change Canada
Suncor Energy Inc.,Suncor Énergie Inc.,2016-04-24,5215,Climate,Climate,Environment and Climate Change Canada
Vancouver Aquarium,null,2016-04-06,353272,Climate,Climate,Fisheries and Oceans Canada (DFO)
NEBC Resource Municipalities Coalition,null,2016-04-18,357528,Climate,Climate,Finance Canada (FIN)
NEBC Resource Municipalities Coalition,null,2016-04-18,357528,Climate,Climate,Natural Resources Canada (NRCan)
NEBC Resource Municipalities Coalition,null,2016-04-18,357528,Climate,Climate,House of Commons
NEBC Resource Municipalities Coalition,null,2016-04-18,357528,Climate,Climate,Infrastructure Canada
NEBC Resource Municipalities Coalition,null,2016-04-19,357528,Climate,Climate,House of Commons
Evok Innovations,null,2016-05-11,357774,Climate,Climate,National Research Council (NRC)
FortisBC,null,2016-05-18,357420,Climate,Climate,Prime Minister's Office (PMO)
FortisBC,null,2016-05-18,357420,Climate,Climate,Natural Resources Canada (NRCan)
FortisBC,null,2016-05-18,357420,Climate,Climate,Environment and Climate Change Canada
Natural Resources Defense Council,null,2016-02-10,357113,Climate,Climate,Global Affairs Canada
Natural Resources Defense Council,null,2016-02-11,357113,Climate,Climate,Prime Minister's Office (PMO)
FortisBC,null,2016-06-03,357420,Climate,Climate,Natural Resources Canada (NRCan)
FortisBC,null,2016-06-06,357420,Climate,Climate,Transport Canada (TC)
FortisBC,null,2016-06-06,357420,Climate,Climate,Environment and Climate Change Canada
FortisBC,null,2016-06-03,357420,Climate,Climate,House of Commons
Innergex Renewable Energy Inc.,null,2016-06-07,352826,Climate,Climate,Indigenous and Northern Affairs Canada
Innergex Renewable Energy Inc.,null,2016-06-07,352826,Climate,Climate,Environment and Climate Change Canada
Innergex Renewable Energy Inc.,null,2016-06-07,352826,Climate,Climate,Natural Resources Canada (NRCan)
Innergex Renewable Energy Inc.,null,2016-06-08,352826,Climate,Climate,"Innovation, Science and Economic Development Canada"
Canadian Construction Innovations,null,2016-05-12,357137,Climate,Climate,Natural Resources Canada (NRCan)
Canadian Construction Innovations,null,2016-05-13,357137,Climate,Climate,Natural Resources Canada (NRCan)
Canadian Construction Innovations,null,2016-05-13,357137,Climate,Climate,Infrastructure Canada
Canadian Construction Innovations,null,2016-05-26,357137,Climate,Climate,"Innovation, Science and Economic Development Canada"
NextEra Canada Development LP,null,2016-05-10,355387,Climate,Climate,Environment and Climate Change Canada
NextEra Canada Development LP,null,2016-05-10,355387,Climate,Climate,Indigenous and Northern Affairs Canada
NextEra Canada Development LP,null,2016-05-19,355387,Climate,Climate,Indigenous and Northern Affairs Canada
NextEra Canada Development LP,null,2016-05-31,355387,Climate,Climate,Natural Resources Canada (NRCan)
"Covanta Burnaby Renewable Energy, ULC",null,2016-05-03,357516,Climate,Climate,"Innovation, Science and Economic Development Canada"
"Covanta Burnaby Renewable Energy, ULC",null,2016-05-03,357516,Climate,Climate,"Innovation, Science and Economic Development Canada"
"Covanta Burnaby Renewable Energy, ULC",null,2016-05-02,357516,Climate,Climate,Prime Minister's Office (PMO)
"Covanta Burnaby Renewable Energy, ULC",null,2016-05-02,357516,Climate,Climate,Natural Resources Canada (NRCan)
Saskatchewan Power Corporation,null,2016-05-19,226822,Climate,Climate,Environment and Climate Change Canada
Carbon Engineering,null,2016-06-08,357421,Climate,Climate,Environment and Climate Change Canada
Carbon Engineering,null,2016-06-08,357421,Climate,Climate,"Innovation, Science and Economic Development Canada"
Carbon Engineering,null,2016-06-08,357421,Climate,Climate,House of Commons
Carbon Engineering,null,2016-06-09,357421,Climate,Climate,Natural Resources Canada (NRCan)
Carbon Engineering,null,2016-06-09,357421,Climate,Climate,Prime Minister's Office (PMO)
Carbon Engineering,null,2016-06-09,357421,Climate,Climate,House of Commons
Carbon Engineering,null,2016-06-09,357421,Climate,Climate,House of Commons
Carbon Engineering,null,2016-06-09,357421,Climate,Climate,Global Affairs Canada
PEMBINA INSTITUTE,null,2016-06-22,4669,Climate,Climate,Environment and Climate Change Canada
NextEra Canada Development LP,null,2016-06-01,355387,Climate,Climate,Environment and Climate Change Canada
NextEra Canada Development LP,null,2016-06-14,355387,Climate,Climate,Natural Resources Canada (NRCan)
NextEra Canada Development LP,null,2016-06-23,355387,Climate,Climate,Indigenous and Northern Affairs Canada
NextEra Canada Development LP,null,2016-06-23,355387,Climate,Climate,Prime Minister's Office (PMO)
Unifor,null,2016-06-06,664,Climate,Climate,Environment and Climate Change Canada
Suncor Energy Inc.,Suncor Énergie Inc.,2016-06-06,5215,Climate,Climate,Environment and Climate Change Canada
Suncor Energy Inc.,Suncor Énergie Inc.,2016-06-27,5215,Climate,Climate,Natural Resources Canada (NRCan)
Teck Resources Limited,null,2016-06-27,270204,Climate,Climate,Environment and Climate Change Canada
Teck Resources Limited,null,2016-06-01,270204,Climate,Climate,Environment and Climate Change Canada
Teck Resources Limited,null,2016-06-01,270204,Climate,Climate,Natural Resources Canada (NRCan)
Chemistry Industry Association of Canada,Association canadienne de L'industrie de la chimie,2016-06-16,568,Climate,Climate,Environment and Climate Change Canada
null,Équiterre,2016-05-17,269143,Climate,Climat,Natural Resources Canada (NRCan)
null,Équiterre,2016-06-10,269143,Climate,Climat,Environment and Climate Change Canada
Suncor Energy Inc.,Suncor Énergie Inc.,2016-07-06,5215,Climate,Climate,Environment and Climate Change Canada
Suncor Energy Inc.,Suncor Énergie Inc.,2016-07-28,5215,Climate,Climate,Environment and Climate Change Canada
Trans Mountain Corporation,La Corporation Trans Mountain,2016-07-06,357239,Climate,Climate,House of Commons
Trans Mountain Corporation,La Corporation Trans Mountain,2016-07-12,357239,Climate,Climate,House of Commons
TELUS Corporation,null,2016-08-17,235601,Climate,Climate,Environment and Climate Change Canada
Terrestrial Energy Inc.,Terrestrial Energy Inc.,2016-08-18,357458,Climate,Climate,Environment and Climate Change Canada
The Atmospheric Fund,Le Fonds Atmosphérique,2016-08-03,358099,Climate,Climate,Prime Minister's Office (PMO)
The Atmospheric Fund,Le Fonds Atmosphérique,2016-08-25,358099,Climate,Climate,Employment and Social Development Canada (ESDC)
The Atmospheric Fund,Le Fonds Atmosphérique,2016-08-12,358099,Climate,Climate,Infrastructure Canada
Rio Tinto Canada Management Inc,null,2016-08-05,306985,Climate,Climate,Environment and Climate Change Canada
FortisBC,null,2016-09-13,358367,Climate,Climate,Natural Resources Canada (NRCan)
FortisBC,null,2016-09-13,358367,Climate,Climate,Agriculture and Agri-Food Canada (AAFC)
Suncor Energy Inc.,Suncor Énergie Inc.,2016-08-03,5215,Climate,Climate,Environment and Climate Change Canada
Suncor Energy Inc.,Suncor Énergie Inc.,2016-08-16,5215,Climate,Climate,Environment and Climate Change Canada
S2E Technologies Inc.,null,2016-08-17,358299,Climate,Climate,"Innovation, Science and Economic Development Canada"
Canadian Labour Congress,Congrès du travail du Canada,2016-08-23,367,Climate,Climate,Environment and Climate Change Canada
Teck Resources Limited,null,2016-08-31,270204,Climate,Climate,Environment and Climate Change Canada
ENMAX Corporation,null,2016-08-18,15758,Climate,Climate,Veterans Affairs Canada (VAC)
PEMBINA INSTITUTE,null,2016-07-13,4669,Climate,Climate,House of Commons
PEMBINA INSTITUTE,null,2016-07-14,4669,Climate,Climate,House of Commons
Friends of the Greenbelt Foundation,null,2016-09-12,357438,Climate,Climate,Natural Resources Canada (NRCan)
CircuitMeter,null,2016-09-14,358378,Climate,Climate,Environment and Climate Change Canada
Energy Storage Canada,null,2016-09-14,358175,Climate,Climate,Environment and Climate Change Canada
Canada Clean Fuels,null,2016-09-14,354087,Climate,Climate,Environment and Climate Change Canada
Canadian Hydropower Association,Association canadienne de L'hydroélectricité,2016-09-21,268603,Climate,Climate,Fisheries and Oceans Canada (DFO)
null,Équiterre,2016-09-08,269143,Climate,Climat,Environment and Climate Change Canada
null,Équiterre,2016-09-13,269143,Climate,Climat,Environment and Climate Change Canada
null,Équiterre,2016-09-20,269143,Climate,Climat,Environment and Climate Change Canada
null,Équiterre,2016-09-22,269143,Climate,Climat,Natural Resources Canada (NRCan)
Canada Green Building Council,Conseil du batiment durable au Canada,2016-09-21,357556,Climate,Climate,Natural Resources Canada (NRCan)
Canada Green Building Council,Conseil du batiment durable au Canada,2016-09-21,357556,Climate,Climate,Public Services and Procurement Canada
Canada Green Building Council,Conseil du batiment durable au Canada,2016-09-21,357556,Climate,Climate,Environment and Climate Change Canada
Canadian Climate Forum,null,2016-09-08,353906,Climate,Climate,Environment and Climate Change Canada
Canada Green Building Council,Conseil du batiment durable au Canada,2016-09-28,357558,Climate,Climate,Finance Canada (FIN)
Canada Green Building Council,Conseil du batiment durable au Canada,2016-09-28,357558,Climate,Climate,Infrastructure Canada
Canada Green Building Council,Conseil du batiment durable au Canada,2016-09-28,357558,Climate,Climate,Privy Council Office (PCO)
Canada Green Building Council,Conseil du batiment durable au Canada,2016-09-28,357558,Climate,Climate,Environment and Climate Change Canada
ENMAX Corporation,null,2016-09-01,15758,Climate,Climate,Canadian Heritage (PCH)
ConocoPhillips Canada Resources Corp.,null,2016-09-19,225001,Climate,Climate,Environment and Climate Change Canada
Canada Green Building Council,Conseil du batiment durable au Canada,2016-10-13,357556,Climate,Climate,Natural Resources Canada (NRCan)
Canada Green Building Council,Conseil du batiment durable au Canada,2016-09-20,357556,Climate,Climate,Environment and Climate Change Canada
Teck Resources Limited,null,2016-09-20,270204,Climate,Climate,Environment and Climate Change Canada
Teck Resources Limited,null,2016-09-13,270204,Climate,Climate,Natural Resources Canada (NRCan)
Teck Resources Limited,null,2016-09-13,270204,Climate,Climate,Environment and Climate Change Canada
Canada Green Building Council,Conseil du bâtiment durable du Canada.,2016-09-07,237921,Climate,Climate,Natural Resources Canada (NRCan)
Friends of the Greenbelt Foundation,null,2016-09-12,357438,Climate,Climate,Natural Resources Canada (NRCan)
Canada Green Building Council,Conseil du bâtiment durable du Canada.,2016-09-20,237921,Climate,Climate,Public Services and Procurement Canada
Canada Green Building Council,Conseil du bâtiment durable du Canada.,2016-09-28,237921,Climate,Climate,Environment and Climate Change Canada
Canada Green Building Council,Conseil du bâtiment durable du Canada.,2016-09-30,237921,Climate,Climate,Treasury Board Of Canada Secretariat (TBS)
Friends of the Greenbelt Foundation,null,2016-09-21,357438,Climate,Climate,Finance Canada (FIN)
Friends of the Greenbelt Foundation,null,2016-09-21,357438,Climate,Climate,Natural Resources Canada (NRCan)
Friends of the Greenbelt Foundation,null,2016-09-21,357438,Climate,Climate,House of Commons
TransAlta Corporation,null,2016-09-22,357733,Climate,Climate,Prime Minister's Office (PMO)
TransAlta Corporation,null,2016-09-22,357733,Climate,Climate,Environment and Climate Change Canada
Energy Storage Canada,null,2016-10-18,358175,Climate,Climate,House of Commons
Renewable Industries Canada,Industries Renouvelables Canada,2016-10-13,357199,Climate,Climate,Environment and Climate Change Canada
Canadian Hydropower Association,Association canadienne de L'hydroélectricité,2016-10-24,268603,Climate,Climate,Environment and Climate Change Canada
Canadian Hydropower Association,Association canadienne de L'hydroélectricité,2016-10-26,268603,Climate,Climate,Natural Resources Canada (NRCan)
The Canadian Geothermal Energy Association (CanGEA),null,2016-10-05,358383,Climate,Climate,Environment and Climate Change Canada
The Canadian Geothermal Energy Association (CanGEA),null,2016-10-03,358383,Climate,Climate,Natural Resources Canada (NRCan)
null,Équiterre,2016-10-28,269143,Climate,Climat,Environment and Climate Change Canada
null,Équiterre,2016-10-04,269143,Climate,Climat,Environment and Climate Change Canada
Canadian Climate Forum,null,2016-10-26,353906,Climate,Climate,Public Safety Canada (PS)
Canadian Climate Forum,null,2016-10-18,353906,Climate,Climate,Infrastructure Canada
Canadian Chamber of Commerce,La Chambre de commerce du Canada,2016-10-06,15787,Climate,Climate,House of Commons
Canadian Chamber of Commerce,La Chambre de commerce du Canada,2016-10-24,15787,Climate,Climate,House of Commons
Forest Products Association of Canada,Association des produits forestiers du Canada,2016-11-07,136,Climate,Climate,House of Commons
ConocoPhillips Canada Resources Corp.,null,2016-10-13,225001,Climate,Climate,Environment and Climate Change Canada
ConocoPhillips Canada Resources Corp.,null,2016-10-14,225001,Climate,Climate,Environment and Climate Change Canada
The Atmospheric Fund,Le Fonds Atmosphérique,2016-10-04,358099,Climate,Climate,Infrastructure Canada
The Atmospheric Fund,Le Fonds Atmosphérique,2016-10-05,358099,Climate,Climate,Infrastructure Canada
The Atmospheric Fund,Le Fonds Atmosphérique,2016-10-13,358099,Climate,Climate,Infrastructure Canada
The Atmospheric Fund,Le Fonds Atmosphérique,2016-10-18,358099,Climate,Climate,Infrastructure Canada
NextEra Canada Development LP,null,2016-10-31,355387,Climate,Climate,Infrastructure Canada
Teck Resources Limited,null,2016-10-12,270204,Climate,Climate,Environment and Climate Change Canada
Teck Resources Limited,null,2016-10-12,270204,Climate,Climate,Privy Council Office (PCO)
Teck Resources Limited,null,2016-10-12,270204,Climate,Climate,Prime Minister's Office (PMO)
Canada Green Building Council,Conseil du bâtiment durable du Canada.,2016-10-13,237921,Climate,Climate,Natural Resources Canada (NRCan)
LeadNow Society,A L'action,2016-10-24,318765,Climate,Climate,House of Commons
LeadNow Society,A L'action,2016-10-24,318765,Climate,Climate,House of Commons
LeadNow Society,A L'action,2016-10-24,318765,Climate,Climate,House of Commons
LeadNow Society,A L'action,2016-10-25,318765,Climate,Climate,House of Commons
LeadNow Society,A L'action,2016-10-25,318765,Climate,Climate,House of Commons
Alliance of Manufacturers & Exporters Canada (CME),Alliance des manufacturiers et des exportateurs du Canada (MEC),2016-10-13,15791,Climate,Climate,Senate of Canada
Alliance of Manufacturers & Exporters Canada (CME),Alliance des manufacturiers et des exportateurs du Canada (MEC),2016-10-18,15791,Climate,Climate,House of Commons
Suncor Energy Inc.,Suncor Énergie Inc.,2016-10-17,5215,Climate,Climate,Natural Resources Canada (NRCan)
Suncor Energy Inc.,Suncor Énergie Inc.,2016-10-18,5215,Climate,Climate,Environment and Climate Change Canada
Suncor Energy Inc.,Suncor Énergie Inc.,2016-10-04,5215,Climate,Climate,Environment and Climate Change Canada
Suncor Energy Inc.,Suncor Énergie Inc.,2016-10-25,5215,Climate,Climate,Environment and Climate Change Canada
GREENPEACE CANADA,null,2016-10-26,61,Climate,Climate,Environment and Climate Change Canada
null,Équiterre,2016-11-22,269143,Climate,Climat,Environment and Climate Change Canada
Green Economy Canada,Économie verte Canada,2016-09-30,358730,Climate,Climate,Federal Economic Development Agency for Southern Ontario (FedDev) 
Global Automakers of Canada,Constructeurs mondiaux d'automobiles du Canada,2016-12-05,394,Climate,Climate,Transport Canada (TC)
null,Groupe PureSphera inc.,2016-11-22,358816,Climate,Climat,Environment and Climate Change Canada
null,Équiterre,2016-11-09,269143,Climate,Climat,Environment and Climate Change Canada
null,Équiterre,2016-12-02,269143,Climate,Climat,Environment and Climate Change Canada
null,Équiterre,2016-11-15,269143,Climate,Climat,Environment and Climate Change Canada
NextEra Canada Development LP,null,2016-11-07,355387,Climate,Climate,Indigenous and Northern Affairs Canada
NextEra Canada Development LP,null,2016-11-08,355387,Climate,Climate,Infrastructure Canada
The Atmospheric Fund,Le Fonds Atmosphérique,2016-11-10,358099,Climate,Climate,Environment and Climate Change Canada
The Atmospheric Fund,Le Fonds Atmosphérique,2016-11-18,358099,Climate,Climate,Infrastructure Canada
Canada Green Building Council,Conseil du bâtiment durable du Canada.,2016-11-01,237921,Climate,Climate,Environment and Climate Change Canada
Rio Tinto Aluminium,null,2016-11-16,220101,Climate,Climate,Natural Resources Canada (NRCan)
Canadian Propane Association,Association Canadienne du Propane,2016-11-28,282264,Climate,Climate,Environment and Climate Change Canada
Suncor Energy Inc.,Suncor Énergie Inc.,2016-11-25,5215,Climate,Climate,Environment and Climate Change Canada
Suncor Energy Inc.,Suncor Énergie Inc.,2016-11-29,5215,Climate,Climate,Prime Minister's Office (PMO)
Teck Resources Limited,null,2016-11-24,270204,Climate,Climate,Prime Minister's Office (PMO)
Innergex Renewable Energy Inc.,null,2016-12-16,359098,Climate,Climate,Environment and Climate Change Canada
"Covanta Burnaby Renewable Energy, ULC",null,2016-11-17,357516,Climate,Climate,Infrastructure Canada
"Covanta Burnaby Renewable Energy, ULC",null,2016-12-05,357516,Climate,Climate,Privy Council Office (PCO)
"Covanta Burnaby Renewable Energy, ULC",null,2016-12-06,357516,Climate,Climate,Environment and Climate Change Canada
Friends of the Greenbelt Foundation,null,2016-12-16,357438,Climate,Climate,Agriculture and Agri-Food Canada (AAFC)
null,Équiterre,2016-12-09,269143,Climate,Climat,Environment and Climate Change Canada
GENERAL ELECTRIC CANADA,null,2016-12-22,4978,Climate,Climate,House of Commons
Canadian Chamber of Commerce,La Chambre de commerce du Canada,2016-12-14,15787,Climate,Climate,Environment and Climate Change Canada
ENMAX Corporation,null,2016-12-01,15758,Climate,Climate,Environment and Climate Change Canada
CircuitMeter,null,2017-01-06,358378,Climate,Climate,Natural Resources Canada (NRCan)
PEMBINA INSTITUTE,null,2016-12-05,4669,Climate,Climate,House of Commons
Canadian Nuclear Association,Association nucléaire canadienne,2016-12-13,5004,Climate,Climate,House of Commons
Canada Green Building Council,Conseil du bâtiment durable du Canada.,2016-12-13,237921,Climate,Climate,Infrastructure Canada
The Atmospheric Fund,Le Fonds Atmosphérique,2016-12-13,358099,Climate,Climate,Environment and Climate Change Canada
The Atmospheric Fund,Le Fonds Atmosphérique,2016-12-22,358099,Climate,Climate,Natural Resources Canada (NRCan)
Repsol Oil & Gas Canada Inc.,null,2016-12-14,16086,Climate,Climate,Environment and Climate Change Canada
Teck Resources Limited,null,2016-12-02,270204,Climate,Climate,Prime Minister's Office (PMO)
Canada Green Building Council,Conseil du bâtiment durable du Canada.,2017-01-08,237921,Climate,Climate,National Defence (DND)
Canada Green Building Council,Conseil du bâtiment durable du Canada.,2017-01-09,237921,Climate,Climate,Treasury Board Of Canada Secretariat (TBS)
Energy Storage Canada,null,2017-01-19,358175,Climate,Climate,Infrastructure Canada
S2E Technologies Inc.,null,2017-01-23,359103,Climate,Climate,Finance Canada (FIN)
S2E Technologies Inc.,null,2017-01-23,359103,Climate,Climate,Natural Resources Canada (NRCan)
S2E Technologies Inc.,null,2017-01-23,359103,Climate,Climate,Environment and Climate Change Canada
S2E Technologies Inc.,null,2017-01-23,359103,Climate,Climate,Prime Minister's Office (PMO)
"Canadian Solar (USA), Inc.",null,2017-01-30,358994,Climate,Climat,Finance Canada (FIN)
"Canadian Solar (USA), Inc.",null,2017-01-30,358994,Climate,Climat,Treasury Board Of Canada Secretariat (TBS)
"Canadian Solar (USA), Inc.",null,2017-01-30,358994,Climate,Climat,House of Commons
"Canadian Solar (USA), Inc.",null,2017-01-31,358994,Climate,Climat,House of Commons
"Canadian Solar (USA), Inc.",null,2017-01-31,358994,Climate,Climat,"Innovation, Science and Economic Development Canada"
"Canadian Solar (USA), Inc.",null,2017-01-31,358994,Climate,Climat,Natural Resources Canada (NRCan)
"Canadian Solar (USA), Inc.",null,2017-01-31,358994,Climate,Climat,House of Commons
CircuitMeter,null,2017-02-02,358378,Climate,Climate,House of Commons
null,Équiterre,2017-01-31,269143,Climate,Climat,Finance Canada (FIN)
The Atmospheric Fund,Le Fonds Atmosphérique,2017-01-12,358099,Climate,Climate,Natural Resources Canada (NRCan)
null,Groupe PureSphera inc.,2017-02-14,358816,Climate,Climat,Environment and Climate Change Canada
Insurance Bureau of Canada,Bureau D'Assurance du Canada,2017-01-06,357265,Climate,Climate,Finance Canada (FIN)
Insurance Bureau of Canada,Bureau D'Assurance du Canada,2017-01-27,357265,Climate,Climate,Finance Canada (FIN)
Insurance Bureau of Canada,Bureau D'Assurance du Canada,2017-01-30,357265,Climate,Climate,Finance Canada (FIN)
Canada Green Building Council,Conseil du bâtiment durable du Canada.,2017-01-27,237921,Climate,Climate,Treasury Board Of Canada Secretariat (TBS)
Teck Resources Limited,null,2017-01-31,270204,Climate,Climate,Environment and Climate Change Canada
Canadian Chamber of Commerce,La Chambre de commerce du Canada,2017-02-28,15787,Climate,Climate,House of Commons
The Canadian Geothermal Energy Association (CanGEA),null,2017-02-27,358383,Climate,Climate,Environment and Climate Change Canada
EcoJustice,null,2017-02-23,359259,Climate,Climate,House of Commons
Canadian Solar Industries Association,null,2017-03-06,359393,Climate,Climate,Natural Resources Canada (NRCan)
CircuitMeter,null,2017-03-06,358378,Climate,Climate,Natural Resources Canada (NRCan)
null,Équiterre,2017-02-06,269143,Climate,Climat,Health Canada (HC)
null,Équiterre,2017-02-24,269143,Climate,Climat,Environment and Climate Change Canada
null,Équiterre,2017-02-06,269143,Climate,Climat,House of Commons
null,Équiterre,2017-02-06,269143,Climate,Climat,House of Commons
null,Équiterre,2017-02-06,269143,Climate,Climat,House of Commons
Sustainable Waterloo Region,null,2017-02-28,359303,Climate,Climate,House of Commons
Canadian Canola Growers Association,null,2017-02-16,358233,Climate,Climate,House of Commons
The Atmospheric Fund,Le Fonds Atmosphérique,2017-02-01,358099,Climate,Climate,Infrastructure Canada
The Atmospheric Fund,Le Fonds Atmosphérique,2017-02-22,358099,Climate,Climate,Natural Resources Canada (NRCan)
Canada Green Building Council,Conseil du bâtiment durable du Canada.,2017-02-02,237921,Climate,Climate,Natural Resources Canada (NRCan)
Canada Green Building Council,Conseil du bâtiment durable du Canada.,2017-02-08,237921,Climate,Climate,Environment and Climate Change Canada
Council of Canadian Innovators,null,2017-02-15,357757,Climate,Climate,"Innovation, Science and Economic Development Canada"
ENMAX Corporation,null,2017-02-24,15758,Climate,Climate,Infrastructure Canada
Canadian Chamber of Commerce,La Chambre de commerce du Canada,2017-02-27,15787,Climate,Climate,Environment and Climate Change Canada
Suncor Energy Inc.,Suncor Énergie Inc.,2017-02-15,5215,Climate,Climate,Environment and Climate Change Canada
LeadNow Society,A L'action,2016-11-23,318765,Climate,Climate,Environment and Climate Change Canada
ALUS Canada,null,2017-04-06,357540,Climate,Climate,Natural Resources Canada (NRCan)
Canadian Natural Resources Limited,null,2017-04-04,286266,Climate,Climate,Environment and Climate Change Canada
Canadian Natural Resources Limited,null,2017-04-04,286266,Climate,Climate,Natural Resources Canada (NRCan)
Sustainable Waterloo Region,null,2017-03-31,359303,Climate,Climate,House of Commons
Canadian Association of Petroleum Producers,Association Canadienne des Producteurs Pétroliers,2017-03-08,226641,Climate,Climate,"Innovation, Science and Economic Development Canada"
Teck Resources Limited,null,2017-03-23,270204,Climate,Climate,Environment and Climate Change Canada
Teck Resources Limited,null,2017-03-24,270204,Climate,Climate,Privy Council Office (PCO)
Teck Resources Limited,null,2017-03-24,270204,Climate,Climate,Finance Canada (FIN)
Council of Canadian Innovators,null,2017-03-10,357757,Climate,Climate,Environment and Climate Change Canada
Council of Canadian Innovators,null,2017-03-15,357757,Climate,Climate,Environment and Climate Change Canada
Council of Canadian Innovators,null,2017-03-21,357757,Climate,Climate,"Innovation, Science and Economic Development Canada"
Council of Canadian Innovators,null,2017-03-24,357757,Climate,Climate,"Innovation, Science and Economic Development Canada"
Raintree Corporation,Corporation Rain Tree,2017-03-30,359554,Climate,Climat,Global Affairs Canada
Raintree Corporation,Corporation Rain Tree,2017-03-30,359554,Climate,Climat,Export Development Canada (EDC)
Raintree Corporation,Corporation Rain Tree,2017-03-30,359554,Climate,Climat,Canadian Commercial Corporation (CCC)
Raintree Corporation,Corporation Rain Tree,2017-03-30,359554,Climate,Climat,Global Affairs Canada
Raintree Corporation,Corporation Rain Tree,2017-03-31,359554,Climate,Climat,Natural Resources Canada (NRCan)
Tesla Motors Canada ULC,null,2017-04-24,359655,Climate,Climate,Environment and Climate Change Canada
Loblaw Companies Limited,null,2017-04-21,278084,Climate,Climate,House of Commons
null,Équiterre,2017-04-03,269143,Climate,Climat,Environment and Climate Change Canada
null,Équiterre,2017-04-07,269143,Climate,Climat,Environment and Climate Change Canada
null,Équiterre,2017-04-18,269143,Climate,Climat,Transport Canada (TC)
NextEra Canada Development LP,null,2017-04-06,355387,Climate,Climate,Natural Resources Canada (NRCan)
NextEra Canada Development LP,null,2017-04-06,355387,Climate,Climate,Infrastructure Canada
The Co-operators Group Ltd.,Groupe Co-operators limitée,2017-04-04,5997,Climate,Climate,Environment and Climate Change Canada
H2GO Canada Inc.,null,2017-04-27,359868,Climate,Climate,Infrastructure Canada
H2GO Canada Inc.,null,2017-04-27,359868,Climate,Climate,Transport Canada (TC)
H2GO Canada Inc.,null,2017-04-27,359868,Climate,Climate,Treasury Board Of Canada Secretariat (TBS)
H2GO Canada Inc.,null,2017-04-27,359869,Climate,Climate,Infrastructure Canada
H2GO Canada Inc.,null,2017-04-27,359869,Climate,Climate,Transport Canada (TC)
H2GO Canada Inc.,null,2017-04-27,359869,Climate,Climate,Treasury Board Of Canada Secretariat (TBS)
Canada Green Building Council,Conseil du bâtiment durable du Canada.,2017-04-12,237921,Climate,Climate,Public Services and Procurement Canada
PEMBINA INSTITUTE,null,2017-04-24,4669,Climate,Climate,Environment and Climate Change Canada
Tesla Motors Canada ULC,null,2017-05-17,359655,Climate,Climate,Environment and Climate Change Canada
Tesla Motors Canada ULC,null,2017-05-17,359655,Climate,Climate,Natural Resources Canada (NRCan)
Tesla Motors Canada ULC,null,2017-05-17,359655,Climate,Climate,Transport Canada (TC)
Tesla Motors Canada ULC,null,2017-05-17,359655,Climate,Climate,Treasury Board Of Canada Secretariat (TBS)
Tesla Motors Canada ULC,null,2017-05-17,359655,Climate,Climate,Prime Minister's Office (PMO)
Natural Resources Defense Council,null,2017-04-25,357113,Climate,Climate,Environment and Climate Change Canada
ConocoPhillips Canada Resources Corp.,null,2017-05-29,225001,Climate,Climate,Environment and Climate Change Canada
Association of Home Appliance Manufacturers Canada,Association des fabricants d'appareils électroménagers Canada,2017-04-13,360006,Climate,Climate,Senate of Canada
Canadian Wind Energy Association,Association canadienne de L'énergie éolienne,2017-05-17,359798,Climate,Climate,House of Commons
Canadian Wind Energy Association,Association canadienne de L'énergie éolienne,2017-05-17,359798,Climate,Climate,Privy Council Office (PCO)
Canadian Wind Energy Association,Association canadienne de L'énergie éolienne,2017-05-18,359798,Climate,Climate,House of Commons
Canadian Wind Energy Association,Association canadienne de L'énergie éolienne,2017-05-18,359798,Climate,Climate,Infrastructure Canada
Canadian Wind Energy Association,Association canadienne de L'énergie éolienne,2017-05-17,359798,Climate,Climate,Environment and Climate Change Canada
MaRS Discovery District,null,2017-05-25,359144,Climate,Climate,Natural Resources Canada (NRCan)
MaRS Discovery District,null,2017-05-25,359144,Climate,Climate,Treasury Board Of Canada Secretariat (TBS)
null,Équiterre,2017-05-17,269143,Climate,Climat,Environment and Climate Change Canada
North Atlantic Refinery Ltd.,null,2017-05-30,359865,Climate,Climate,Environment and Climate Change Canada
North Atlantic Refinery Ltd.,null,2017-05-30,359865,Climate,Climate,House of Commons
NextEra Canada Development LP,null,2017-05-01,355387,Climate,Climate,Natural Resources Canada (NRCan)
ENMAX Corporation,null,2017-05-29,15758,Climate,Climate,Environment and Climate Change Canada
ENMAX Corporation,null,2017-05-29,15758,Climate,Climate,Environment and Climate Change Canada
Tesla Motors Canada ULC,null,2017-05-24,359655,Climate,Climate,Transport Canada (TC)
Tesla Motors Canada ULC,null,2017-05-24,359655,Climate,Climate,Environment and Climate Change Canada
"REPSOL, SA",null,2017-05-09,357697,Climate,Climate,Environment and Climate Change Canada
Canadian Fuels Association,Association canadienne des carburants,2017-05-18,15673,Climate,Climate,Environment and Climate Change Canada
Canada Green Building Council,Conseil du bâtiment durable du Canada.,2017-05-18,237921,Climate,Climate,Natural Resources Canada (NRCan)
Mosaic,null,2017-05-25,357805,Climate,Climate,Natural Resources Canada (NRCan)
Mosaic,null,2017-05-24,357805,Climate,Climate,Environment and Climate Change Canada
Citizens for Public Justice,Citoyens pour une politique juste,2017-05-04,196,Climate,Climate,House of Commons
Citizens for Public Justice,Citoyens pour une politique juste,2017-05-09,196,Climate,Climate,House of Commons
Citizens for Public Justice,Citoyens pour une politique juste,2017-06-05,196,Climate,Climate,House of Commons
Citizens for Public Justice,Citoyens pour une politique juste,2017-06-16,196,Climate,Climate,House of Commons
null,Équiterre,2017-06-06,269143,Climate,Climat,Prime Minister's Office (PMO)
null,Équiterre,2017-06-08,269143,Climate,Climat,"Innovation, Science and Economic Development Canada"
null,Équiterre,2017-06-14,269143,Climate,Climat,Prime Minister's Office (PMO)
NextEra Canada Development LP,null,2017-06-26,355387,Climate,Climate,Infrastructure Canada
NextEra Canada Development LP,null,2017-06-26,355387,Climate,Climate,Infrastructure Canada
Nova Scotia Power Incorporated,null,2017-06-27,223484,Climate,Climate,Environment and Climate Change Canada
Canada Green Building Council,Conseil du bâtiment durable du Canada.,2017-06-14,237921,Climate,Climate,Natural Resources Canada (NRCan)
Canada Green Building Council,Conseil du bâtiment durable du Canada.,2017-06-28,237921,Climate,Climate,Environment and Climate Change Canada
Canada Green Building Council,Conseil du bâtiment durable du Canada.,2017-06-29,237921,Climate,Climate,Employment and Social Development Canada (ESDC)
The International CCS Knowledge Centre,null,2017-06-28,359884,Climate,Climate,Environment and Climate Change Canada
The International CCS Knowledge Centre,null,2017-06-28,359884,Climate,Climate,Environment and Climate Change Canada
"Covanta Burnaby Renewable Energy, ULC",null,2017-06-14,357516,Climate,Climate,Public Services and Procurement Canada
"Covanta Burnaby Renewable Energy, ULC",null,2017-06-14,357516,Climate,Climate,Environment and Climate Change Canada
S2E Technologies Inc.,null,2017-06-20,360030,Climate,Climate,Canadian Northern Economic Development Agency (CanNor)
S2E Technologies Inc.,null,2017-06-20,360030,Climate,Climate,Canadian Northern Economic Development Agency (CanNor)
Canadian Natural Resources Limited,null,2017-07-20,286266,Climate,Climate,Environment and Climate Change Canada
Canadian Natural Resources Limited,null,2017-07-20,286266,Climate,Climate,Environment and Climate Change Canada
Canadian Natural Resources Limited,null,2017-07-20,286266,Climate,Climate,Natural Resources Canada (NRCan)
Toyota Canada Inc. (through Casacom),Toyota Canada Inc. (via Casacom),2017-07-04,360071,Climate,Climate,"Innovation, Science and Economic Development Canada"
Toyota Canada Inc. (through Casacom),Toyota Canada Inc. (via Casacom),2017-07-27,360071,Climate,Climate,"Innovation, Science and Economic Development Canada"
North Atlantic Refinery Ltd.,null,2017-07-25,359865,Climate,Climate,Environment and Climate Change Canada
Tesla Motors Canada ULC,null,2017-07-17,359655,Climate,Climate,Natural Resources Canada (NRCan)
Suncor Energy Inc.,Suncor Énergie Inc.,2017-07-11,5215,Climate,Climate,Environment and Climate Change Canada
Canada Green Building Council,Conseil du batiment durable au Canada,2017-08-30,357556,Climate,Climate,Environment and Climate Change Canada
Canadian Fuels Association,Association canadienne des carburants,2017-08-31,15673,Climate,Climate,Environment and Climate Change Canada
BUSINESS COUNCIL OF BRITISH COLUMBIA,null,2017-08-24,16634,Climate,Climate,Environment and Climate Change Canada
Tesla Motors Canada ULC,null,2017-08-28,359655,Climate,Climate,Transport Canada (TC)
Tesla Motors Canada ULC,null,2017-08-30,359655,Climate,Climate,Transport Canada (TC)
null,Équiterre,2017-08-02,269143,Climate,Climat,Transport Canada (TC)
null,Équiterre,2017-08-02,269143,Climate,Climat,"Innovation, Science and Economic Development Canada"
Suncor Energy Inc.,Suncor Énergie Inc.,2017-08-23,5215,Climate,Climate,Environment and Climate Change Canada
Canada Green Building Council,Conseil du bâtiment durable du Canada.,2017-08-30,237921,Climate,Climate,Environment and Climate Change Canada
Canada Green Building Council,Conseil du bâtiment durable du Canada.,2017-08-31,237921,Climate,Climate,Environment and Climate Change Canada
Sustainable Waterloo Region,null,2017-08-17,359303,Climate,Climate,House of Commons
Sustainable Waterloo Region,null,2017-08-23,359303,Climate,Climate,House of Commons
Sustainable Waterloo Region,null,2017-09-12,359303,Climate,Climate,House of Commons
Sustainable Waterloo Region,null,2017-09-12,359303,Climate,Climate,House of Commons
Canadian Natural Resources Limited,null,2017-09-26,286266,Climate,Climate,Environment and Climate Change Canada
Federated Co-operatives Limited,null,2017-09-26,360549,Climate,Climate,Prime Minister's Office (PMO)
North Atlantic Refinery Ltd.,null,2017-09-20,359865,Climate,Climate,House of Commons
North Atlantic Refinery Ltd.,null,2017-09-21,359865,Climate,Climate,Environment and Climate Change Canada
null,Équiterre,2017-09-21,269143,Climate,Climat,Natural Resources Canada (NRCan)
null,Équiterre,2017-09-26,269143,Climate,Climat,Environment and Climate Change Canada
BUSINESS COUNCIL OF BRITISH COLUMBIA,null,2017-09-28,16634,Climate,Climate,National Energy Board (NEB)
Tesla Motors Canada ULC,null,2017-10-11,359655,Climate,Climate,Transport Canada (TC)
Tesla Motors Canada ULC,null,2017-10-05,359655,Climate,Climate,Transport Canada (TC)
Tesla Motors Canada ULC,null,2017-09-28,359655,Climate,Climate,Natural Resources Canada (NRCan)
Canadian Natural Resources Limited,null,2017-10-06,286266,Climate,Climate,Environment and Climate Change Canada
AltaGas Ltd.,null,2017-09-25,360352,Climate,Climate,Environment and Climate Change Canada
AltaGas Ltd.,null,2017-09-26,360352,Climate,Climate,Natural Resources Canada (NRCan)
AltaGas Ltd.,null,2017-09-26,360352,Climate,Climate,Environment and Climate Change Canada
Citizens for Public Justice,Citoyens pour une politique juste,2017-10-03,196,Climate,Climate,House of Commons
Citizens for Public Justice,Citoyens pour une politique juste,2017-10-17,196,Climate,Climate,House of Commons
Terra International (Canada) Inc.,null,2017-10-02,319385,Climate,Climate,Environment and Climate Change Canada
Ocean Group Inc.,Le Groupe Océan Inc.,2017-10-17,360892,Climate,Climate,Global Affairs Canada
The Optical Society (OSA),The Optical Society (OSA),2017-10-19,360921,Climate,Climate,Natural Resources Canada (NRCan)
Cement Association of Canada,Association canadienne du ciment,2017-10-17,333106,Climate,Climate,House of Commons
Cement Association of Canada,Association canadienne du ciment,2017-10-17,333106,Climate,Climate,House of Commons
Cement Association of Canada,Association canadienne du ciment,2017-10-17,333106,Climate,Climate,Natural Resources Canada (NRCan)
Cement Association of Canada,Association canadienne du ciment,2017-10-17,333106,Climate,Climate,House of Commons
Cement Association of Canada,Association canadienne du ciment,2017-10-18,333106,Climate,Climate,House of Commons
Forest Products Association of Canada,Association des produits forestiers du Canada,2017-10-23,136,Climate,Climate,House of Commons
The Optical Society (OSA),The Optical Society (OSA),2017-10-19,360942,Climate,Climate,Natural Resources Canada (NRCan)
"Covanta Burnaby Renewable Energy, ULC",null,2017-11-02,357516,Climate,Climate,House of Commons
ConocoPhillips Canada Resources Corp.,null,2017-10-10,225001,Climate,Climate,Environment and Climate Change Canada
Domtar Inc.,null,2017-10-17,358646,Climate,Climate,Environment and Climate Change Canada
BHE Canada L.P.,null,2017-10-05,359448,Climate,Climate,Environment and Climate Change Canada
MasonryWorx,null,2017-10-17,357526,Climate,Climate,House of Commons
MasonryWorx,null,2017-10-17,357526,Climate,Climate,House of Commons
MasonryWorx,null,2017-10-18,357526,Climate,Climate,House of Commons
MasonryWorx,null,2017-10-18,357526,Climate,Climate,House of Commons
Canadian Canola Growers Association,null,2017-11-07,358233,Climate,Climate,House of Commons
NextEra Canada Development LP,null,2017-10-26,355387,Climate,Climate,Natural Resources Canada (NRCan)
Canada Green Building Council,Conseil du bâtiment durable du Canada.,2017-10-19,237921,Climate,Climate,Finance Canada (FIN)
Canada Green Building Council,Conseil du bâtiment durable du Canada.,2017-10-20,237921,Climate,Climate,Treasury Board Of Canada Secretariat (TBS)
Samsung Renewable Energy Inc.,null,2017-10-17,360320,Climate,Climate,Environment and Climate Change Canada
Agrisoma Biosciences Inc.,null,2017-10-16,360796,Climate,Climate,House of Commons
Tesla Motors Canada ULC,null,2017-10-10,359655,Climate,Climate,Transport Canada (TC)
Nsolv Corporation,null,2017-10-26,360900,Climate,Climate,Environment and Climate Change Canada
Nsolv Corporation,null,2017-10-26,360900,Climate,Climate,Natural Resources Canada (NRCan)
Nsolv Corporation,null,2017-10-26,360900,Climate,Climate,"Innovation, Science and Economic Development Canada"
null,Équiterre,2017-10-16,269143,Climate,Climat,Prime Minister's Office (PMO)
null,Équiterre,2017-10-25,269143,Climate,Climat,Transport Canada (TC)
Nsolv Corporation,null,2017-10-26,360833,Climate,Climate,Environment and Climate Change Canada
Electric Mobility Canada,Mobilité Électrique Canada,2017-09-25,360416,Climate,Climate,Transport Canada (TC)
Electric Mobility Canada,Mobilité Électrique Canada,2017-11-07,360416,Climate,Climate,House of Commons
Electric Mobility Canada,Mobilité Électrique Canada,2017-10-11,360416,Climate,Climate,Prime Minister's Office (PMO)
Citizens' Climate Lobby Canada,Lobby Climatique des Citoyens,2017-10-23,360933,Climate,Climate,Senate of Canada
Citizens' Climate Lobby Canada,Lobby Climatique des Citoyens,2017-10-23,360933,Climate,Climate,House of Commons
Citizens' Climate Lobby Canada,Lobby Climatique des Citoyens,2017-10-12,360933,Climate,Climate,House of Commons
Citizens' Climate Lobby Canada,Lobby Climatique des Citoyens,2017-10-24,360933,Climate,Climate,House of Commons
Citizens' Climate Lobby Canada,Lobby Climatique des Citoyens,2017-10-24,360933,Climate,Climate,Senate of Canada
Citizens' Climate Lobby Canada,Lobby Climatique des Citoyens,2017-10-24,360933,Climate,Climate,House of Commons
Citizens' Climate Lobby Canada,Lobby Climatique des Citoyens,2017-10-23,360933,Climate,Climate,House of Commons
The Mining Association of Canada (MAC),L'association minière du Canada (AMC),2017-10-11,12699,Climate,Climate,Environment and Climate Change Canada
Tesla Motors Canada ULC,null,2017-11-29,359655,Climate,Climate,Environment and Climate Change Canada
Tesla Motors Canada ULC,null,2017-11-29,359655,Climate,Climate,Environment and Climate Change Canada
Tesla Motors Canada ULC,null,2017-11-29,359655,Climate,Climate,Transport Canada (TC)
Tesla Motors Canada ULC,null,2017-11-16,359655,Climate,Climate,Transport Canada (TC)
null,Équiterre,2017-11-06,269143,Climate,Climat,Prime Minister's Office (PMO)
null,Équiterre,2017-11-30,269143,Climate,Climat,Prime Minister's Office (PMO)
KRUGER INC.,null,2017-12-12,4373,Climate,Climate,"Innovation, Science and Economic Development Canada"
Canadian Natural Resources Limited,null,2017-11-07,286266,Climate,Climate,House of Commons
Canadian Natural Resources Limited,null,2017-11-07,286266,Climate,Climate,House of Commons
Canadian Natural Resources Limited,null,2017-11-07,286266,Climate,Climate,House of Commons
Canadian Natural Resources Limited,null,2017-11-07,286266,Climate,Climate,Canadian Heritage (PCH)
Canadian Natural Resources Limited,null,2017-11-07,286266,Climate,Climate,House of Commons
Canadian Natural Resources Limited,null,2017-11-07,286266,Climate,Climate,House of Commons
Mosaic,null,2017-11-24,357805,Climate,Climate,Canadian Environmental Assessment Agency (CEAA)
Rio Tinto Aluminium,null,2017-11-01,220101,Climate,Climate,"Innovation, Science and Economic Development Canada"
Rio Tinto Aluminium,null,2017-11-01,220101,Climate,Climate,Global Affairs Canada
Federated Co-operatives Limited,null,2017-12-01,360549,Climate,Climate,Public Services and Procurement Canada
Canadian Nuclear Laboratories,Laboratoires Nucléaires Canadiens,2017-12-07,360579,Climate,Climate,Prime Minister's Office (PMO)
Suncor Energy Inc.,Suncor Énergie Inc.,2017-12-12,5215,Climate,Climate,Environment and Climate Change Canada
Tesla Motors Canada ULC,null,2017-12-05,359655,Climate,Climate,Prime Minister's Office (PMO)
Tesla Motors Canada ULC,null,2017-12-08,359655,Climate,Climate,Prime Minister's Office (PMO)
"IATSE (International Alliance of Theatrical Stage Employees, Moving Picture Technicians, Artists and Allied Crafts of the United States, its Territories and Canada)",null,2018-01-10,330086,Climate,Climate,Environment and Climate Change Canada
Canada Green Building Council,Conseil du bâtiment durable du Canada.,2017-12-12,237921,Climate,Climate,Infrastructure Canada
null,Équiterre,2017-12-20,269143,Climate,Climat,Environment and Climate Change Canada
IATSE - International Alliance of Theatrical Stage Employees,AIEST - Alliance Internationale des Employes de Scene et de Theatre,2018-01-10,273726,Climate,Climate,Environment and Climate Change Canada
EcoJustice,null,2018-01-22,359259,Climate,Climate,Natural Resources Canada (NRCan)
CONOCO PHILLIPS CANADA,CONOCO PHILLIPS CANADA,2018-01-12,360919,Climate,Climate,Natural Resources Canada (NRCan)
Federated Co-operatives Limited,null,2018-01-09,360549,Climate,Climate,Environment and Climate Change Canada
Federated Co-operatives Limited,null,2018-01-17,360549,Climate,Climate,Natural Resources Canada (NRCan)
Federated Co-operatives Limited,null,2018-01-19,360549,Climate,Climate,"Innovation, Science and Economic Development Canada"
Federated Co-operatives Limited,null,2018-01-23,360549,Climate,Climate,Public Services and Procurement Canada
Sustainable Waterloo Region,null,2018-01-30,359303,Climate,Climate,Treasury Board Of Canada Secretariat (TBS)
Sustainable Waterloo Region,null,2018-01-30,359303,Climate,Climate,House of Commons
Sustainable Waterloo Region,null,2018-01-30,359303,Climate,Climate,"Innovation, Science and Economic Development Canada"
Sustainable Waterloo Region,null,2018-01-30,359303,Climate,Climate,House of Commons
Sustainable Waterloo Region,null,2018-01-31,359303,Climate,Climate,Public Services and Procurement Canada
Tesla Motors Canada ULC,null,2018-01-22,359655,Climate,Climate,Prime Minister's Office (PMO)
Toyota Canada Inc. (through Casacom),Toyota Canada Inc. (via Casacom),2018-01-12,360708,Climate,Climate,Transport Canada (TC)
Tesla Motors Canada ULC,null,2018-01-17,359655,Climate,Climate,Environment and Climate Change Canada
Canada Green Building Council,Conseil du bâtiment durable du Canada.,2018-01-11,237921,Climate,Climate,Natural Resources Canada (NRCan)
Evidence for Democracy,Evidence pour la democratie,2018-01-17,344911,Climate,Climate,House of Commons
Evidence for Democracy,Evidence pour la democratie,2018-01-24,344911,Climate,Climate,Environment and Climate Change Canada
Evidence for Democracy,Evidence pour la democratie,2018-01-30,344911,Climate,Climate,House of Commons
Evidence for Democracy,Evidence pour la democratie,2018-01-19,344911,Climate,Climate,"Innovation, Science and Economic Development Canada"
Evidence for Democracy,Evidence pour la democratie,2018-02-15,344911,Climate,Climate,House of Commons
Sustainable Waterloo Region,null,2018-01-31,361110,Climate,Climate,Public Services and Procurement Canada
Electric Mobility Canada,Mobilité Électrique Canada,2018-02-01,360416,Climate,Climate,House of Commons
Electric Mobility Canada,Mobilité Électrique Canada,2018-02-01,360416,Climate,Climate,Treasury Board Of Canada Secretariat (TBS)
Electric Mobility Canada,Mobilité Électrique Canada,2018-02-01,360416,Climate,Climate,"Innovation, Science and Economic Development Canada"
Citizens' Climate Lobby Canada,Lobby Climatique des Citoyens,2018-02-23,360933,Climate,Climate,House of Commons
Citizens' Climate Lobby Canada,Lobby Climatique des Citoyens,2018-02-24,360933,Climate,Climate,House of Commons
Domtar Inc.,null,2018-02-16,358646,Climate,Climate,Natural Resources Canada (NRCan)
Natural Resources Defense Council,null,2018-02-01,357113,Climate,Climate,House of Commons
Natural Resources Defense Council,null,2018-02-01,357113,Climate,Climate,Natural Resources Canada (NRCan)
Natural Resources Defense Council,null,2018-02-01,357113,Climate,Climate,Prime Minister's Office (PMO)
Natural Resources Defense Council,null,2018-02-01,357113,Climate,Climate,Environment and Climate Change Canada
null,Équiterre,2018-02-06,269143,Climate,Climat,"Innovation, Science and Economic Development Canada"
null,Équiterre,2018-02-18,269143,Climate,Climat,Prime Minister's Office (PMO)
null,Équiterre,2018-02-20,269143,Climate,Climat,Environment and Climate Change Canada
null,Équiterre,2018-02-28,269143,Climate,Climat,House of Commons
Federated Co-operatives Limited,null,2018-02-08,360549,Climate,Climate,Environment and Climate Change Canada
Federated Co-operatives Limited,null,2018-02-12,360549,Climate,Climate,Environment and Climate Change Canada
Federated Co-operatives Limited,null,2018-02-23,360549,Climate,Climate,Environment and Climate Change Canada
Clean Resource Innovation Network,null,2018-02-06,360409,Climate,Climate,House of Commons
The International CCS Knowledge Centre,null,2018-02-21,359884,Climate,Climate,Natural Resources Canada (NRCan)
The International CCS Knowledge Centre,null,2018-02-27,359884,Climate,Climate,Environment and Climate Change Canada
NextEra Canada Development LP,null,2018-02-27,355387,Climate,Climate,Environment and Climate Change Canada
NextEra Canada Development LP,null,2018-02-26,355387,Climate,Climate,Natural Resources Canada (NRCan)
Renewable Industries Canada,Industries Renouvelables Canada,2018-02-26,357255,Climate,Climate,House of Commons
The Pollution Probe Foundation,null,2018-02-15,244722,Climate,Climate,Prime Minister's Office (PMO)
Canada Green Building Council,Conseil du bâtiment durable du Canada.,2018-02-26,237921,Climate,Climate,Environment and Climate Change Canada
Michelin North America (Canada) Inc.,null,2018-03-21,361784,Climate,Climate,Environment and Climate Change Canada
Canadian Hydropower Association,Association canadienne de L'hydroélectricité,2018-03-21,268603,Climate,Climate,Environment and Climate Change Canada
Canadian Solar Industries Association,null,2018-03-23,359393,Climate,Climate,Environment and Climate Change Canada
Energy Storage Canada,null,2018-03-23,358175,Climate,Climate,Environment and Climate Change Canada
Sustainable Waterloo Region,null,2018-03-15,359303,Climate,Climate,House of Commons
null,Équiterre,2018-03-27,269143,Climate,Climat,House of Commons
null,Équiterre,2018-03-27,269143,Climate,Climat,House of Commons
Federated Co-operatives Limited,null,2018-03-01,360549,Climate,Climate,Environment and Climate Change Canada
Federated Co-operatives Limited,null,2018-03-01,360549,Climate,Climate,House of Commons
Federated Co-operatives Limited,null,2018-03-23,360549,Climate,Climate,Environment and Climate Change Canada
Canadian Natural Resources Limited,null,2018-03-01,286266,Climate,Climate,Natural Resources Canada (NRCan)
Canadian Natural Resources Limited,null,2018-03-01,286266,Climate,Climate,Prime Minister's Office (PMO)
Canadian Natural Resources Limited,null,2018-03-01,286266,Climate,Climate,Environment and Climate Change Canada
Canada Green Building Council,Conseil du bâtiment durable du Canada.,2018-03-09,237921,Climate,Climate,Natural Resources Canada (NRCan)
Tesla Motors Canada ULC,null,2018-03-21,359655,Climate,Climate,Environment and Climate Change Canada
Carbon Engineering Ltd.,null,2018-03-08,361156,Climate,Climate,Environment and Climate Change Canada
Tesla Motors Canada ULC,null,2018-03-22,359655,Climate,Climate,Natural Resources Canada (NRCan)
Carbon Engineering Ltd.,null,2018-03-08,361156,Climate,Climate,Natural Resources Canada (NRCan)
Carbon Engineering Ltd.,null,2018-03-08,361156,Climate,Climate,"Innovation, Science and Economic Development Canada"
Carbon Engineering Ltd.,null,2018-03-08,361156,Climate,Climate,"Innovation, Science and Economic Development Canada"
Carbon Engineering Ltd.,null,2018-03-14,361156,Climate,Climate,House of Commons
Carbon Engineering Ltd.,null,2018-03-14,361156,Climate,Climate,Environment and Climate Change Canada
Nova Scotia Power Incorporated,null,2018-03-21,223484,Climate,Climate,Environment and Climate Change Canada
NextEra Canada Development LP,null,2018-03-27,355387,Climate,Climate,Infrastructure Canada
Canadian Fuels Association,Association canadienne des carburants,2018-03-12,15673,Climate,Climate,Prime Minister's Office (PMO)
Energy Storage Canada,null,2018-04-18,358175,Climate,Climate,Natural Resources Canada (NRCan)
Canadian Canola Growers Association,null,2018-04-17,358233,Climate,Climate,Environment and Climate Change Canada
null,Équiterre,2018-04-17,269143,Climate,Climat,Finance Canada (FIN)
null,Équiterre,2018-04-17,269143,Climate,Climat,Natural Resources Canada (NRCan)
null,Équiterre,2018-04-17,269143,Climate,Climat,Environment and Climate Change Canada
null,Équiterre,2018-04-24,269143,Climate,Climat,Environment and Climate Change Canada
null,Équiterre,2018-04-04,269143,Climate,Climat,Environment and Climate Change Canada
"Proterra, Inc.",null,2018-04-24,361813,Climate,Climate,House of Commons
"Proterra, Inc.",null,2018-04-25,361813,Climate,Climate,House of Commons
"Proterra, Inc.",null,2018-04-25,361813,Climate,Climate,House of Commons
Energy Storage Canada,null,2018-05-04,358175,Climate,Climate,Natural Resources Canada (NRCan)
Canadian Fuels Association,Association canadienne des carburants,2018-04-25,15673,Climate,Climate,Environment and Climate Change Canada
Canadian Fuels Association,Association canadienne des carburants,2018-04-05,15673,Climate,Climate,Finance Canada (FIN)
Canadian Fuels Association,Association canadienne des carburants,2018-04-05,15673,Climate,Climate,Finance Canada (FIN)
Canadian Fuels Association,Association canadienne des carburants,2018-04-11,15673,Climate,Climate,Prime Minister's Office (PMO)
Canadian Fuels Association,Association canadienne des carburants,2018-04-10,15673,Climate,Climate,Global Affairs Canada
Canadian Fuels Association,Association canadienne des carburants,2018-04-11,15673,Climate,Climate,"Innovation, Science and Economic Development Canada"
Tesla Motors Canada ULC,null,2018-04-25,359655,Climate,Climate,Natural Resources Canada (NRCan)
Tesla Motors Canada ULC,null,2018-04-17,359655,Climate,Climate,Natural Resources Canada (NRCan)
Tesla Motors Canada ULC,null,2018-04-19,359655,Climate,Climate,Natural Resources Canada (NRCan)
Tesla Motors Canada ULC,null,2018-04-03,359655,Climate,Climate,Environment and Climate Change Canada
S2E Technologies Inc.,null,2018-04-25,360030,Climate,Climate,Global Affairs Canada
Chartered Professional Accountants of Canada (CPA Canada),Comptables professionnels agréés du Canada (CPA Canada),2018-04-16,13682,Climate,Climate,Natural Resources Canada (NRCan)
Toyota Canada Inc. (through Casacom),Toyota Canada Inc. (via Casacom),2018-04-23,360708,Climate,Climate,Transport Canada (TC)
Teck Resources Limited,null,2018-04-25,270204,Climate,Climate,Environment and Climate Change Canada
Carbon Engineering Ltd.,null,2018-04-26,361156,Climate,Climate,Environment and Climate Change Canada
Carbon Engineering Ltd.,null,2018-04-26,361156,Climate,Climate,Environment and Climate Change Canada
The Mining Association of Canada (MAC),L'association minière du Canada (AMC),2018-04-04,12699,Climate,Climate,Environment and Climate Change Canada
Electric Mobility Canada,Mobilité Électrique Canada,2018-04-25,360416,Climate,Climate,House of Commons
Electric Mobility Canada,Mobilité Électrique Canada,2018-04-25,360416,Climate,Climate,Senate of Canada
Electric Mobility Canada,Mobilité Électrique Canada,2018-04-25,360416,Climate,Climate,House of Commons
Federated Co-operatives Limited,null,2018-04-05,360549,Climate,Climate,Public Safety Canada (PS)
Federated Co-operatives Limited,null,2018-04-17,360549,Climate,Climate,Environment and Climate Change Canada
Federated Co-operatives Limited,null,2018-04-17,360549,Climate,Climate,Public Services and Procurement Canada
EcoJustice,null,2018-05-22,359259,Climate,Climate,Environment and Climate Change Canada
EcoJustice,null,2018-05-24,359259,Climate,Climate,Environment and Climate Change Canada
Federated Co-operatives Limited,null,2018-05-30,362265,Climate,Climate,Environment and Climate Change Canada
Domtar Inc.,null,2018-05-31,358646,Climate,Climate,Natural Resources Canada (NRCan)
Innergex Renewable Energy Inc.,null,2018-06-05,352826,Climate,Climate,Indigenous and Northern Affairs Canada
Innergex Renewable Energy Inc.,null,2018-06-05,352826,Climate,Climate,House of Commons
Tesla Motors Canada ULC,null,2018-05-22,359655,Climate,Climate,Environment and Climate Change Canada
null,Équiterre,2018-05-22,269143,Climate,Climat,Environment and Climate Change Canada
Federated Co-operatives Limited,null,2018-05-30,360549,Climate,Climate,Agriculture and Agri-Food Canada (AAFC)
Federated Co-operatives Limited,null,2018-05-30,360549,Climate,Climate,Environment and Climate Change Canada
Federated Co-operatives Limited,null,2018-05-30,360549,Climate,Climate,"Innovation, Science and Economic Development Canada"
Federated Co-operatives Limited,null,2018-05-30,360549,Climate,Climate,Transport Canada (TC)
Naikun Wind Energy Group Inc.,null,2018-06-05,362156,Climate,Climate,Environment and Climate Change Canada
Naikun Wind Energy Group Inc.,null,2018-06-05,362156,Climate,Climate,House of Commons
Naikun Wind Energy Group Inc.,null,2018-06-05,362156,Climate,Climate,House of Commons
The Atmospheric Fund,Le Fonds Atmosphérique,2018-05-04,358099,Climate,Climate,Finance Canada (FIN)
The International CCS Knowledge Centre,null,2018-05-24,359884,Climate,Climate,Natural Resources Canada (NRCan)
The International CCS Knowledge Centre,null,2018-05-24,359884,Climate,Climate,House of Commons
Heritage Gas Limited,null,2018-05-14,360428,Climate,Climate,House of Commons
Canadian Fuels Association,Association canadienne des carburants,2018-05-11,15673,Climate,Climate,House of Commons
Private Forest Landowners Association,null,2018-05-01,362368,Climate,Climate,House of Commons
Advanced Biofuels Canada,Biocarburants avances Canada,2018-05-03,359426,Climate,Climate,Environment and Climate Change Canada
CHAR Technologies,null,2018-05-31,360088,Climate,Climate,House of Commons
Nova Scotia Power Incorporated,null,2018-05-29,223484,Climate,Climate,Environment and Climate Change Canada
Canadian Hydropower Association,Association canadienne de L'hydroélectricité,2018-05-03,268603,Climate,Climate,Environment and Climate Change Canada
Canadian Hydropower Association,Association canadienne de L'hydroélectricité,2018-05-30,268603,Climate,Climate,Environment and Climate Change Canada
Federated Co-operatives Limited,null,2018-06-20,360549,Climate,Climate,Public Services and Procurement Canada
Federated Co-operatives Limited,null,2017-09-25,360549,Climate,Climate,Environment and Climate Change Canada
North Atlantic Refinery Ltd.,null,2018-06-08,359865,Climate,Climate,Environment and Climate Change Canada
North Atlantic Refinery Ltd.,null,2018-06-08,359865,Climate,Climate,House of Commons
North Atlantic Refinery Ltd.,null,2018-06-19,359865,Climate,Climate,Environment and Climate Change Canada
North Atlantic Refinery Ltd.,null,2018-07-06,359865,Climate,Climate,House of Commons
Canadian Fuels Association,Association canadienne des carburants,2018-06-26,15673,Climate,Climate,Environment and Climate Change Canada
null,Équiterre,2017-05-16,269143,Climate,Climat,Environment and Climate Change Canada
Samsung Renewable Energy Inc.,null,2018-06-20,360320,Climate,Climate,Natural Resources Canada (NRCan)
Electric Mobility Canada,Mobilité Électrique Canada,2018-06-01,360416,Climate,Climate,Transport Canada (TC)
Electric Mobility Canada,Mobilité Électrique Canada,2018-06-26,360416,Climate,Climate,Transport Canada (TC)
Electric Mobility Canada,Mobilité Électrique Canada,2018-06-26,360416,Climate,Climate,Global Affairs Canada
Electric Mobility Canada,Mobilité Électrique Canada,2018-06-26,360416,Climate,Climate,"Innovation, Science and Economic Development Canada"
Heritage Gas Limited,null,2018-06-08,360428,Climate,Climate,House of Commons
Electric Mobility Canada,Mobilité Électrique Canada,2018-06-26,360416,Climate,Climate,Natural Resources Canada (NRCan)
Electric Mobility Canada,Mobilité Électrique Canada,2018-06-26,360416,Climate,Climate,Prime Minister's Office (PMO)
Heritage Gas Limited,null,2018-06-20,360428,Climate,Climate,Environment and Climate Change Canada
Tesla Motors Canada ULC,null,2018-06-26,359655,Climate,Climate,Environment and Climate Change Canada
Tesla Motors Canada ULC,null,2018-06-21,359655,Climate,Climate,Environment and Climate Change Canada
TNC Canada,null,2018-06-13,362005,Climate,Climate,Prime Minister's Office (PMO)
Carbon Engineering Ltd.,null,2018-06-14,361156,Climate,Climate,Environment and Climate Change Canada
Greengate Power Corporation,Greengate Power Corporation,2018-06-19,362331,Climate,Climate,"Innovation, Science and Economic Development Canada"
Plastics Sustainability Coalition,null,2018-06-19,362052,Climate,Climate,Environment and Climate Change Canada
Plastics Sustainability Coalition,null,2018-06-19,362052,Climate,Climate,House of Commons
Plastics Sustainability Coalition,null,2018-06-19,362052,Climate,Climate,Natural Resources Canada (NRCan)
Plastics Sustainability Coalition,null,2018-06-19,362052,Climate,Climate,House of Commons
Plastics Sustainability Coalition,null,2018-06-20,362052,Climate,Climate,Senate of Canada
EcoJustice,null,2018-07-13,359259,Climate,Climate,Environment and Climate Change Canada
EcoJustice,null,2018-07-13,359259,Climate,Climate,Environment and Climate Change Canada
Energy Storage Canada,null,2018-07-12,358175,Climate,Climate,Environment and Climate Change Canada
Loblaw Companies Limited,null,2018-07-18,278084,Climate,Climate,Transport Canada (TC)
General Fusion Inc,null,2018-03-29,362456,Climate,Climate,"Innovation, Science and Economic Development Canada"
General Fusion Inc,null,2018-03-29,362456,Climate,Climate,"Innovation, Science and Economic Development Canada"
General Fusion Inc,null,2018-04-05,362456,Climate,Climate,"Innovation, Science and Economic Development Canada"
General Fusion Inc,null,2018-04-26,362456,Climate,Climate,"Innovation, Science and Economic Development Canada"
General Fusion Inc,null,2018-06-24,362456,Climate,Climate,"Innovation, Science and Economic Development Canada"
General Fusion Inc,null,2018-06-25,362456,Climate,Climate,"Innovation, Science and Economic Development Canada"
General Fusion Inc,null,2018-06-25,362456,Climate,Climate,House of Commons
General Fusion Inc,null,2018-06-27,362456,Climate,Climate,"Innovation, Science and Economic Development Canada"
General Fusion Inc,null,2018-06-28,362456,Climate,Climate,"Innovation, Science and Economic Development Canada"
EcoJustice,null,2018-07-24,359259,Climate,Climate,Senate of Canada
Greengate Power Corporation,Greengate Power Corporation,2018-07-06,362331,Climate,Climate,Western Economic Diversification Canada (WD)
Mohawk College,null,2018-07-19,357795,Climate,Climate,House of Commons
Federated Co-operatives Limited,null,2018-07-13,360549,Climate,Climate,Environment and Climate Change Canada
Federated Co-operatives Limited,null,2018-07-19,360549,Climate,Climate,Environment and Climate Change Canada
Federated Co-operatives Limited,null,2018-07-10,360549,Climate,Climate,House of Commons
Federated Co-operatives Limited,null,2018-07-10,360549,Climate,Climate,House of Commons
The Atmospheric Fund,Le Fonds Atmosphérique,2018-07-30,358099,Climate,Climate,Natural Resources Canada (NRCan)
Toyota Canada Inc. (through Casacom),Toyota Canada Inc. (via Casacom),2018-07-04,360708,Climate,Climate,Transport Canada (TC)
Tesla Motors Canada ULC,null,2018-07-12,359655,Climate,Climate,Environment and Climate Change Canada
Tesla Motors Canada ULC,null,2018-07-31,359655,Climate,Climate,Environment and Climate Change Canada
General Fusion Inc,null,2018-07-27,362456,Climate,Climate,"Innovation, Science and Economic Development Canada"
General Fusion Inc,null,2018-08-04,362456,Climate,Climate,"Innovation, Science and Economic Development Canada"
Canadian Natural Resources Limited,null,2018-07-05,286266,Climate,Climate,Western Economic Diversification Canada (WD)
Quebec Center for Environmental Law,Centre québécois du droit de L'environnement,2018-07-27,362023,Climate,Climat,Environment and Climate Change Canada
General Fusion Inc,null,2018-08-15,362456,Climate,Climate,"Innovation, Science and Economic Development Canada"
General Fusion Inc,null,2018-08-16,362456,Climate,Climate,Environment and Climate Change Canada
Climate Action Network Canada,Reseau Action Climat Canada,2018-07-03,279744,Climate,Climate,Environment and Climate Change Canada
Climate Action Network Canada,Reseau Action Climat Canada,2018-08-06,279744,Climate,Climate,Environment and Climate Change Canada
Climate Action Network Canada,Reseau Action Climat Canada,2018-08-09,279744,Climate,Climate,Environment and Climate Change Canada
Canadian Natural Resources Limited,null,2018-07-09,286266,Climate,Climate,Global Affairs Canada
Climate Action Network Canada,Reseau Action Climat Canada,2018-08-14,279744,Climate,Climate,Environment and Climate Change Canada
Carbon Engineering Ltd.,null,2018-07-27,361156,Climate,Climate,Environment and Climate Change Canada
Federated Co-operatives Limited,null,2018-07-19,360549,Climate,Climate,Environment and Climate Change Canada
Federated Co-operatives Limited,null,2018-07-17,360549,Climate,Climate,Environment and Climate Change Canada
Climate Action Network Canada,Reseau Action Climat Canada,2018-08-24,279744,Climate,Climate,Environment and Climate Change Canada
Climate Action Network Canada,Reseau Action Climat Canada,2018-08-13,279744,Climate,Climate,Environment and Climate Change Canada
Climate Action Network Canada,Reseau Action Climat Canada,2018-08-28,279744,Climate,Climate,Environment and Climate Change Canada
Climate Action Network Canada,Reseau Action Climat Canada,2018-08-29,279744,Climate,Climate,Environment and Climate Change Canada
Climate Action Network Canada,Reseau Action Climat Canada,2018-09-04,279744,Climate,Climate,Environment and Climate Change Canada
Tesla Motors Canada ULC,null,2018-08-28,359655,Climate,Climate,Natural Resources Canada (NRCan)
Tesla Motors Canada ULC,null,2018-08-28,359655,Climate,Climate,Environment and Climate Change Canada
Tesla Motors Canada ULC,null,2018-08-31,359655,Climate,Climate,Environment and Climate Change Canada
Tesla Motors Canada ULC,null,2018-08-01,359655,Climate,Climate,Environment and Climate Change Canada
Tesla Motors Canada ULC,null,2018-08-30,359655,Climate,Climate,Environment and Climate Change Canada
Federated Co-operatives Limited,null,2018-08-14,360549,Climate,Climate,Environment and Climate Change Canada
Federated Co-operatives Limited,null,2018-08-14,360549,Climate,Climate,Natural Resources Canada (NRCan)
Federated Co-operatives Limited,null,2018-08-15,360549,Climate,Climate,Environment and Climate Change Canada
Federated Co-operatives Limited,null,2018-08-15,360549,Climate,Climate,House of Commons
The International CCS Knowledge Centre,null,2018-08-20,359884,Climate,Climate,House of Commons
The International CCS Knowledge Centre,null,2018-08-20,359884,Climate,Climate,Natural Resources Canada (NRCan)
Canadian Natural Resources Limited,null,2018-08-16,286266,Climate,Climate,Finance Canada (FIN)
Canadian Natural Resources Limited,null,2018-08-16,286266,Climate,Climate,Natural Resources Canada (NRCan)
Canadian Fuels Association,Association canadienne des carburants,2018-08-15,15673,Climate,Climate,"Innovation, Science and Economic Development Canada"
Inter Pipeline Ltd.,null,2018-08-23,358783,Climate,Climate,Environment and Climate Change Canada
Quebec Center for Environmental Law,Centre québécois du droit de L'environnement,2018-08-08,362023,Climate,Climat,Environment and Climate Change Canada
Federated Co-operatives Limited,null,2018-09-14,362265,Climate,Climate,Natural Resources Canada (NRCan)
Federated Co-operatives Limited,null,2018-09-14,362265,Climate,Climate,Finance Canada (FIN)
Electricity Distributors Association,null,2018-09-24,362902,Climate,Climate,Environment and Climate Change Canada
Electricity Distributors Association,null,2018-09-24,362902,Climate,Climate,Environment and Climate Change Canada
Tesla Motors Canada ULC,null,2018-09-04,359655,Climate,Climate,Environment and Climate Change Canada
Tesla Motors Canada ULC,null,2018-09-15,359655,Climate,Climate,Environment and Climate Change Canada
Federated Co-operatives Limited,null,2018-09-14,360549,Climate,Climate,Environment and Climate Change Canada
Federated Co-operatives Limited,null,2018-09-14,360549,Climate,Climate,Natural Resources Canada (NRCan)
Federated Co-operatives Limited,null,2018-09-14,360549,Climate,Climate,Finance Canada (FIN)
Federated Co-operatives Limited,null,2018-09-14,360549,Climate,Climate,Environment and Climate Change Canada
Federated Co-operatives Limited,null,2018-09-11,360549,Climate,Climate,Natural Resources Canada (NRCan)
The United Church of Canada,L'Eglise Unie du Canada,2018-09-07,310665,Climate,Climate,House of Commons
NextEra Canada Development LP,null,2018-09-25,355387,Climate,Climate,Environment and Climate Change Canada
Federated Co-operatives Limited,null,2018-09-11,360549,Climate,Climate,Finance Canada (FIN)
Greengate Power Corporation,Greengate Power Corporation,2018-09-25,362331,Climate,Climate,Natural Resources Canada (NRCan)
Suncor Energy Inc.,Suncor Énergie Inc.,2018-09-13,5215,Climate,Climate,Natural Resources Canada (NRCan)
BUSINESS COUNCIL OF BRITISH COLUMBIA,null,2018-09-05,16634,Climate,Climate,Finance Canada (FIN)
Dow Chemical Canada ULC,null,2018-10-29,361393,Climate,Climate,Environment and Climate Change Canada
Citizens' Climate Lobby Canada,Lobby Climatique des Citoyens,2018-10-15,360933,Climate,Climate,House of Commons
Citizens' Climate Lobby Canada,Lobby Climatique des Citoyens,2018-10-15,360933,Climate,Climate,House of Commons
Citizens' Climate Lobby Canada,Lobby Climatique des Citoyens,2018-10-15,360933,Climate,Climate,House of Commons
Citizens' Climate Lobby Canada,Lobby Climatique des Citoyens,2018-10-15,360933,Climate,Climate,House of Commons
Citizens' Climate Lobby Canada,Lobby Climatique des Citoyens,2018-10-16,360933,Climate,Climate,Senate of Canada
Citizens' Climate Lobby Canada,Lobby Climatique des Citoyens,2018-10-16,360933,Climate,Climate,House of Commons
Citizens' Climate Lobby Canada,Lobby Climatique des Citoyens,2018-10-15,360933,Climate,Climate,House of Commons
Citizens' Climate Lobby Canada,Lobby Climatique des Citoyens,2018-10-15,360933,Climate,Climate,House of Commons
Citizens' Climate Lobby Canada,Lobby Climatique des Citoyens,2018-10-16,360933,Climate,Climate,House of Commons
Citizens' Climate Lobby Canada,Lobby Climatique des Citoyens,2018-09-05,360933,Climate,Climate,House of Commons
Association of Canadian Port Authorities (ACPA),L'Association des administrations portuaires canadiennes,2018-10-25,359264,Climate,Climate,Senate of Canada
Canadian Hydropower Association,Association canadienne de L'hydroélectricité,2018-09-27,268603,Climate,Climate,Senate of Canada
Walker Environmental Group Inc.,null,2018-11-06,363151,Climate,Climate,Environment and Climate Change Canada
Walker Environmental Group Inc.,null,2018-11-06,363151,Climate,Climate,Environment and Climate Change Canada
Walker Environmental Group Inc.,null,2018-11-06,363150,Climate,Climate,House of Commons
Walker Environmental Group Inc.,null,2018-11-07,363150,Climate,Climate,House of Commons
null,Équiterre,2018-10-09,269143,Climate,Climat,Environment and Climate Change Canada
null,Équiterre,2018-10-11,269143,Climate,Climat,Transport Canada (TC)
null,Équiterre,2018-10-11,269143,Climate,Climat,"Innovation, Science and Economic Development Canada"
null,Équiterre,2018-10-18,269143,Climate,Climat,House of Commons
null,Équiterre,2018-10-18,269143,Climate,Climat,Environment and Climate Change Canada
